{
  "project_info": {
    "project_number": "594919223518",
    "firebase_url": "https://iitgn-food-processing.firebaseio.com",
    "project_id": "iitgn-food-processing",
    "storage_bucket": "iitgn-food-processing.appspot.com"
  },
  "client": [
    {
      "client_info": {
        "mobilesdk_app_id": "1:594919223518:android:eb6cdba0ce3b7e02",
        "android_client_info": {
          "package_name": "in.ac.iitgn.shopapp"
        }
      },
      "oauth_client": [
        {
          "client_id": "594919223518-ksnj1ja2kqkckgc9o6gu1vivfu161d5t.apps.googleusercontent.com",
          "client_type": 3
        }
      ],
      "api_key": [
        {
          "current_key": "AIzaSyDbbLmUzEJbk9Xy1UMyMUDrEyTbM1Ga5bE"
        }
      ],
      "services": {
        "analytics_service": {
          "status": 1
        },
        "appinvite_service": {
          "status": 1,
          "other_platform_oauth_client": []
        },
        "ads_service": {
          "status": 2
        }
      }
    }
  ],
  "configuration_version": "1"
}